{
	"credit": "Made with Blockbench",
	"parent": "block/block",
	"textures": {
		"all": "block/cake/5",
		"particle": "block/break/cake"
	},
	"elements": [
		{
			"name": "cake",
			"from": [1.5, 0, 1.5],
			"to": [14.5, 8, 14.5],
			"faces": {
				"north": {"uv": [12.625, 3.625, 15.875, 5.625], "texture": "#all"},
				"east": {"uv": [12.625, 3.625, 15.875, 5.625], "texture": "#all"},
				"south": {"uv": [12.625, 3.625, 15.875, 5.625], "texture": "#all"},
				"west": {"uv": [12.625, 3.625, 15.875, 5.625], "texture": "#all"},
				"up": {"uv": [12.625, 0.125, 15.875, 3.375], "texture": "#all"},
				"down": {"uv": [12.75, 5.75, 16, 9], "texture": "#all"}
			}
		},
		{
			"name": "cream",
			"from": [1, 5.5, 14.5],
			"to": [15, 8, 15],
			"rotation": {"angle": 0, "axis": "y", "origin": [8, 0, 8]},
			"faces": {
				"east": {"uv": [12.5, 3.625, 12.625, 4.25], "texture": "#all"},
				"south": {"uv": [12.5, 3.625, 16, 4.25], "texture": "#all"},
				"west": {"uv": [15.875, 3.625, 16, 4.25], "texture": "#all"},
				"up": {"uv": [12.5, 3.375, 16, 3.5], "texture": "#all"},
				"down": {"uv": [12.5, 4.125, 16, 4.25], "texture": "#all"}
			}
		},
		{
			"name": "cream",
			"from": [4.5, 5, 14.5],
			"to": [7, 5.5, 15],
			"rotation": {"angle": 0, "axis": "y", "origin": [8, 0, 8]},
			"faces": {
				"east": {"uv": [13.875, 4.25, 14, 4.375], "texture": "#all"},
				"south": {"uv": [13.375, 4.25, 14, 4.375], "texture": "#all"},
				"west": {"uv": [13.375, 4.25, 13.5, 4.375], "texture": "#all"},
				"down": {"uv": [13.375, 4.25, 14, 4.375], "texture": "#all"}
			}
		},
		{
			"name": "cream",
			"from": [5, 4.5, 14.5],
			"to": [6.5, 5, 15],
			"rotation": {"angle": 0, "axis": "y", "origin": [8, 0, 8]},
			"faces": {
				"east": {"uv": [13.875, 4.5, 13.75, 4.375], "texture": "#all"},
				"south": {"uv": [13.5, 4.375, 13.875, 4.5], "texture": "#all"},
				"west": {"uv": [13.625, 4.5, 13.5, 4.375], "texture": "#all"},
				"down": {"uv": [13.5, 4.375, 13.875, 4.5], "texture": "#all"}
			}
		},
		{
			"name": "cream",
			"from": [1, 4.5, 14.5],
			"to": [2, 5, 15],
			"rotation": {"angle": 0, "axis": "y", "origin": [8, 0, 8]},
			"faces": {
				"east": {"uv": [12.75, 4.5, 12.625, 4.375], "texture": "#all"},
				"south": {"uv": [12.5, 4.375, 12.75, 4.5], "texture": "#all"},
				"west": {"uv": [16, 4.5, 15.875, 4.375], "texture": "#all"},
				"down": {"uv": [12.5, 4.375, 12.75, 4.5], "texture": "#all"}
			}
		},
		{
			"name": "cream",
			"from": [1, 5, 14.5],
			"to": [2.5, 5.5, 15],
			"rotation": {"angle": 0, "axis": "y", "origin": [8, 0, 8]},
			"faces": {
				"east": {"uv": [12.75, 4.25, 12.875, 4.375], "texture": "#all"},
				"south": {"uv": [12.5, 4.25, 12.875, 4.375], "texture": "#all"},
				"west": {"uv": [16, 4.25, 15.875, 4.375], "texture": "#all"},
				"down": {"uv": [12.5, 4.25, 12.875, 4.375], "texture": "#all"}
			}
		},
		{
			"name": "cream",
			"from": [9, 5, 14.5],
			"to": [11.5, 5.5, 15],
			"rotation": {"angle": 0, "axis": "y", "origin": [8, 0, 8]},
			"faces": {
				"east": {"uv": [15, 4.25, 15.125, 4.375], "texture": "#all"},
				"south": {"uv": [14.5, 4.25, 15.125, 4.375], "texture": "#all"},
				"west": {"uv": [14.5, 4.25, 14.625, 4.375], "texture": "#all"},
				"down": {"uv": [14.5, 4.25, 15.125, 4.375], "texture": "#all"}
			}
		},
		{
			"name": "cream",
			"from": [9.5, 4.5, 14.5],
			"to": [11, 5, 15],
			"rotation": {"angle": 0, "axis": "y", "origin": [8, 0, 8]},
			"faces": {
				"east": {"uv": [15, 4.5, 14.875, 4.375], "texture": "#all"},
				"south": {"uv": [14.625, 4.375, 15, 4.5], "texture": "#all"},
				"west": {"uv": [14.75, 4.5, 14.625, 4.375], "texture": "#all"},
				"down": {"uv": [14.625, 4.375, 15, 4.5], "texture": "#all"}
			}
		},
		{
			"name": "cream",
			"from": [13.5, 5, 14.5],
			"to": [15, 5.5, 15],
			"rotation": {"angle": 0, "axis": "y", "origin": [8, 0, 8]},
			"faces": {
				"east": {"uv": [12.5, 4.25, 12.625, 4.375], "texture": "#all"},
				"south": {"uv": [15.625, 4.25, 16, 4.375], "texture": "#all"},
				"west": {"uv": [15.625, 4.25, 15.75, 4.375], "texture": "#all"},
				"down": {"uv": [15.625, 4.25, 16, 4.375], "texture": "#all"}
			}
		},
		{
			"name": "cream",
			"from": [14, 4.5, 14.5],
			"to": [15, 5, 15],
			"rotation": {"angle": 0, "axis": "y", "origin": [8, 0, 8]},
			"faces": {
				"east": {"uv": [12.625, 4.5, 12.5, 4.375], "texture": "#all"},
				"south": {"uv": [15.75, 4.375, 16, 4.5], "texture": "#all"},
				"west": {"uv": [15.875, 4.5, 15.75, 4.375], "texture": "#all"},
				"down": {"uv": [15.75, 4.375, 16, 4.5], "texture": "#all"}
			}
		},
		{
			"name": "cream",
			"from": [1, 5.5, 1],
			"to": [15, 8, 1.5],
			"rotation": {"angle": 0, "axis": "y", "origin": [8, 0, 8]},
			"faces": {
				"north": {"uv": [12.5, 3.625, 16, 4.25], "texture": "#all"},
				"east": {"uv": [15.875, 3.625, 16, 4.25], "texture": "#all"},
				"west": {"uv": [12.5, 3.625, 12.625, 4.25], "texture": "#all"},
				"up": {"uv": [12.5, 0, 16, 0.125], "texture": "#all"},
				"down": {"uv": [12.5, 4.125, 16, 4.25], "rotation": 180, "texture": "#all"}
			}
		},
		{
			"name": "cream",
			"from": [9, 5, 1],
			"to": [11.5, 5.5, 1.5],
			"rotation": {"angle": 0, "axis": "y", "origin": [8, 0, 8]},
			"faces": {
				"north": {"uv": [13.375, 4.25, 14, 4.375], "texture": "#all"},
				"east": {"uv": [13.375, 4.25, 13.5, 4.375], "texture": "#all"},
				"west": {"uv": [13.875, 4.25, 14, 4.375], "texture": "#all"},
				"down": {"uv": [13.375, 4.25, 14, 4.375], "rotation": 180, "texture": "#all"}
			}
		},
		{
			"name": "cream",
			"from": [9.5, 4.5, 1],
			"to": [11, 5, 1.5],
			"rotation": {"angle": 0, "axis": "y", "origin": [8, 0, 8]},
			"faces": {
				"north": {"uv": [13.5, 4.375, 13.875, 4.5], "texture": "#all"},
				"east": {"uv": [13.625, 4.5, 13.5, 4.375], "texture": "#all"},
				"west": {"uv": [13.875, 4.5, 13.75, 4.375], "texture": "#all"},
				"down": {"uv": [13.5, 4.375, 13.875, 4.5], "rotation": 180, "texture": "#all"}
			}
		},
		{
			"name": "cream",
			"from": [14, 4.5, 1],
			"to": [15, 5, 1.5],
			"rotation": {"angle": 0, "axis": "y", "origin": [8, 0, 8]},
			"faces": {
				"north": {"uv": [12.5, 4.375, 12.75, 4.5], "texture": "#all"},
				"east": {"uv": [16, 4.5, 15.875, 4.375], "texture": "#all"},
				"west": {"uv": [12.75, 4.5, 12.625, 4.375], "texture": "#all"},
				"down": {"uv": [12.5, 4.375, 12.75, 4.5], "rotation": 180, "texture": "#all"}
			}
		},
		{
			"name": "cream",
			"from": [13.5, 5, 1],
			"to": [15, 5.5, 1.5],
			"rotation": {"angle": 0, "axis": "y", "origin": [8, 0, 8]},
			"faces": {
				"north": {"uv": [12.5, 4.25, 12.875, 4.375], "texture": "#all"},
				"east": {"uv": [16, 4.25, 15.875, 4.375], "texture": "#all"},
				"west": {"uv": [12.75, 4.25, 12.875, 4.375], "texture": "#all"},
				"down": {"uv": [12.5, 4.25, 12.875, 4.375], "rotation": 180, "texture": "#all"}
			}
		},
		{
			"name": "cream",
			"from": [4.5, 5, 1],
			"to": [7, 5.5, 1.5],
			"rotation": {"angle": 0, "axis": "y", "origin": [8, 0, 8]},
			"faces": {
				"north": {"uv": [14.5, 4.25, 15.125, 4.375], "texture": "#all"},
				"east": {"uv": [14.5, 4.25, 14.625, 4.375], "texture": "#all"},
				"west": {"uv": [15, 4.25, 15.125, 4.375], "texture": "#all"},
				"down": {"uv": [14.5, 4.25, 15.125, 4.375], "rotation": 180, "texture": "#all"}
			}
		},
		{
			"name": "cream",
			"from": [5, 4.5, 1],
			"to": [6.5, 5, 1.5],
			"rotation": {"angle": 0, "axis": "y", "origin": [8, 0, 8]},
			"faces": {
				"north": {"uv": [14.625, 4.375, 15, 4.5], "texture": "#all"},
				"east": {"uv": [14.75, 4.5, 14.625, 4.375], "texture": "#all"},
				"west": {"uv": [15, 4.5, 14.875, 4.375], "texture": "#all"},
				"down": {"uv": [14.625, 4.375, 15, 4.5], "rotation": 180, "texture": "#all"}
			}
		},
		{
			"name": "cream",
			"from": [1, 5, 1],
			"to": [2.5, 5.5, 1.5],
			"rotation": {"angle": 0, "axis": "y", "origin": [8, 0, 8]},
			"faces": {
				"north": {"uv": [15.625, 4.25, 16, 4.375], "texture": "#all"},
				"east": {"uv": [15.625, 4.25, 15.75, 4.375], "texture": "#all"},
				"west": {"uv": [12.5, 4.25, 12.625, 4.375], "texture": "#all"},
				"down": {"uv": [15.625, 4.25, 16, 4.375], "rotation": 180, "texture": "#all"}
			}
		},
		{
			"name": "cream",
			"from": [1, 4.5, 1],
			"to": [2, 5, 1.5],
			"rotation": {"angle": 0, "axis": "y", "origin": [8, 0, 8]},
			"faces": {
				"north": {"uv": [15.75, 4.375, 16, 4.5], "texture": "#all"},
				"east": {"uv": [15.875, 4.5, 15.75, 4.375], "texture": "#all"},
				"west": {"uv": [12.625, 4.5, 12.5, 4.375], "texture": "#all"},
				"down": {"uv": [15.75, 4.375, 16, 4.5], "rotation": 180, "texture": "#all"}
			}
		},
		{
			"name": "cream",
			"from": [14.5, 5.5, 1.5],
			"to": [15, 8, 14.5],
			"rotation": {"angle": 0, "axis": "y", "origin": [8, 0, 8]},
			"faces": {
				"east": {"uv": [12.625, 3.625, 15.875, 4.25], "texture": "#all"},
				"up": {"uv": [15.875, 0.125, 16, 3.375], "texture": "#all"},
				"down": {"uv": [12.625, 4.125, 15.875, 4.25], "rotation": 90, "texture": "#all"}
			}
		},
		{
			"name": "cream",
			"from": [14.5, 5, 9],
			"to": [15, 5.5, 11.5],
			"rotation": {"angle": 0, "axis": "y", "origin": [8, 0, 8]},
			"faces": {
				"north": {"uv": [13.875, 4.25, 14, 4.375], "texture": "#all"},
				"east": {"uv": [13.375, 4.25, 14, 4.375], "texture": "#all"},
				"south": {"uv": [13.375, 4.25, 13.5, 4.375], "texture": "#all"},
				"down": {"uv": [13.375, 4.25, 14, 4.375], "rotation": 90, "texture": "#all"}
			}
		},
		{
			"name": "cream",
			"from": [14.5, 5, 13.5],
			"to": [15, 5.5, 14.5],
			"rotation": {"angle": 0, "axis": "y", "origin": [8, 0, 8]},
			"faces": {
				"north": {"uv": [12.75, 4.25, 12.875, 4.375], "texture": "#all"},
				"east": {"uv": [12.625, 4.25, 12.875, 4.375], "texture": "#all"},
				"down": {"uv": [12.625, 4.25, 12.875, 4.375], "rotation": 90, "texture": "#all"}
			}
		},
		{
			"name": "cream",
			"from": [14.5, 4.5, 14],
			"to": [15, 5, 14.5],
			"rotation": {"angle": 0, "axis": "y", "origin": [8, 0, 8]},
			"faces": {
				"north": {"uv": [12.625, 4.375, 12.75, 4.5], "texture": "#all"},
				"east": {"uv": [12.625, 4.375, 12.75, 4.5], "texture": "#all"},
				"down": {"uv": [12.625, 4.375, 12.75, 4.5], "texture": "#all"}
			}
		},
		{
			"name": "cream",
			"from": [14.5, 4.5, 9.5],
			"to": [15, 5, 11],
			"rotation": {"angle": 0, "axis": "y", "origin": [8, 0, 8]},
			"faces": {
				"north": {"uv": [13.75, 4.375, 13.875, 4.5], "texture": "#all"},
				"east": {"uv": [13.5, 4.375, 13.875, 4.5], "texture": "#all"},
				"south": {"uv": [13.5, 4.375, 13.625, 4.5], "texture": "#all"},
				"down": {"uv": [13.5, 4.375, 13.875, 4.5], "rotation": 90, "texture": "#all"}
			}
		},
		{
			"name": "cream",
			"from": [14.5, 4.5, 5],
			"to": [15, 5, 6.5],
			"rotation": {"angle": 0, "axis": "y", "origin": [8, 0, 8]},
			"faces": {
				"north": {"uv": [14.875, 4.375, 15, 4.5], "texture": "#all"},
				"east": {"uv": [14.625, 4.375, 15, 4.5], "texture": "#all"},
				"south": {"uv": [14.625, 4.375, 14.75, 4.5], "texture": "#all"},
				"down": {"uv": [14.625, 4.375, 15, 4.5], "rotation": 90, "texture": "#all"}
			}
		},
		{
			"name": "cream",
			"from": [14.5, 4.5, 1.5],
			"to": [15, 5, 2],
			"rotation": {"angle": 0, "axis": "y", "origin": [8, 0, 8]},
			"faces": {
				"east": {"uv": [15.75, 4.375, 15.875, 4.5], "texture": "#all"},
				"south": {"uv": [15.75, 4.375, 15.875, 4.5], "texture": "#all"},
				"down": {"uv": [15.75, 4.375, 15.875, 4.5], "texture": "#all"}
			}
		},
		{
			"name": "cream",
			"from": [14.5, 5, 4.5],
			"to": [15, 5.5, 7],
			"rotation": {"angle": 0, "axis": "y", "origin": [8, 0, 8]},
			"faces": {
				"north": {"uv": [15, 4.25, 15.125, 4.375], "texture": "#all"},
				"east": {"uv": [14.5, 4.25, 15.125, 4.375], "texture": "#all"},
				"south": {"uv": [14.5, 4.25, 14.625, 4.375], "texture": "#all"},
				"down": {"uv": [14.5, 4.25, 15.125, 4.375], "rotation": 90, "texture": "#all"}
			}
		},
		{
			"name": "cream",
			"from": [14.5, 5, 1.5],
			"to": [15, 5.5, 2.5],
			"rotation": {"angle": 0, "axis": "y", "origin": [8, 0, 8]},
			"faces": {
				"east": {"uv": [15.625, 4.25, 15.875, 4.375], "texture": "#all"},
				"south": {"uv": [15.625, 4.25, 15.75, 4.375], "texture": "#all"},
				"down": {"uv": [15.625, 4.25, 15.875, 4.375], "rotation": 90, "texture": "#all"}
			}
		},
		{
			"name": "cream",
			"from": [1, 5.5, 1.5],
			"to": [1.5, 8, 14.5],
			"rotation": {"angle": 0, "axis": "y", "origin": [8, 0, 8]},
			"faces": {
				"west": {"uv": [12.625, 3.625, 15.875, 4.25], "texture": "#all"},
				"up": {"uv": [12.5, 0.125, 12.625, 3.375], "texture": "#all"},
				"down": {"uv": [12.625, 4.125, 15.875, 4.25], "rotation": 270, "texture": "#all"}
			}
		},
		{
			"name": "cream",
			"from": [1, 5, 4.5],
			"to": [1.5, 5.5, 7],
			"rotation": {"angle": 0, "axis": "y", "origin": [8, 0, 8]},
			"faces": {
				"north": {"uv": [13.375, 4.25, 13.5, 4.375], "texture": "#all"},
				"south": {"uv": [13.875, 4.25, 14, 4.375], "texture": "#all"},
				"west": {"uv": [13.375, 4.25, 14, 4.375], "texture": "#all"},
				"down": {"uv": [13.375, 4.25, 14, 4.375], "rotation": 270, "texture": "#all"}
			}
		},
		{
			"name": "cream",
			"from": [1, 5, 1.5],
			"to": [1.5, 5.5, 2.5],
			"rotation": {"angle": 0, "axis": "y", "origin": [8, 0, 8]},
			"faces": {
				"south": {"uv": [12.75, 4.25, 12.875, 4.375], "texture": "#all"},
				"west": {"uv": [12.625, 4.25, 12.875, 4.375], "texture": "#all"},
				"down": {"uv": [12.625, 4.25, 12.875, 4.375], "rotation": 270, "texture": "#all"}
			}
		},
		{
			"name": "cream",
			"from": [1, 4.5, 1.5],
			"to": [1.5, 5, 2],
			"rotation": {"angle": 0, "axis": "y", "origin": [8, 0, 8]},
			"faces": {
				"south": {"uv": [12.625, 4.375, 12.75, 4.5], "texture": "#all"},
				"west": {"uv": [12.625, 4.375, 12.75, 4.5], "texture": "#all"},
				"down": {"uv": [12.625, 4.375, 12.75, 4.5], "rotation": 180, "texture": "#all"}
			}
		},
		{
			"name": "cream",
			"from": [1, 4.5, 5],
			"to": [1.5, 5, 6.5],
			"rotation": {"angle": 0, "axis": "y", "origin": [8, 0, 8]},
			"faces": {
				"north": {"uv": [13.5, 4.375, 13.625, 4.5], "texture": "#all"},
				"south": {"uv": [13.75, 4.375, 13.875, 4.5], "texture": "#all"},
				"west": {"uv": [13.5, 4.375, 13.875, 4.5], "texture": "#all"},
				"down": {"uv": [13.5, 4.375, 13.875, 4.5], "rotation": 270, "texture": "#all"}
			}
		},
		{
			"name": "cream",
			"from": [1, 4.5, 9.5],
			"to": [1.5, 5, 11],
			"rotation": {"angle": 0, "axis": "y", "origin": [8, 0, 8]},
			"faces": {
				"north": {"uv": [14.625, 4.375, 14.75, 4.5], "texture": "#all"},
				"south": {"uv": [14.875, 4.375, 15, 4.5], "texture": "#all"},
				"west": {"uv": [14.625, 4.375, 15, 4.5], "texture": "#all"},
				"down": {"uv": [14.625, 4.375, 15, 4.5], "rotation": 270, "texture": "#all"}
			}
		},
		{
			"name": "cream",
			"from": [1, 4.5, 14],
			"to": [1.5, 5, 14.5],
			"rotation": {"angle": 0, "axis": "y", "origin": [8, 0, 8]},
			"faces": {
				"north": {"uv": [15.75, 4.375, 15.875, 4.5], "texture": "#all"},
				"west": {"uv": [15.75, 4.375, 15.875, 4.5], "texture": "#all"},
				"down": {"uv": [15.75, 4.375, 15.875, 4.5], "rotation": 180, "texture": "#all"}
			}
		},
		{
			"name": "cream",
			"from": [1, 5, 9],
			"to": [1.5, 5.5, 11.5],
			"rotation": {"angle": 0, "axis": "y", "origin": [8, 0, 8]},
			"faces": {
				"north": {"uv": [14.5, 4.25, 14.625, 4.375], "texture": "#all"},
				"south": {"uv": [15, 4.25, 15.125, 4.375], "texture": "#all"},
				"west": {"uv": [14.5, 4.25, 15.125, 4.375], "texture": "#all"},
				"down": {"uv": [14.5, 4.25, 15.125, 4.375], "rotation": 270, "texture": "#all"}
			}
		},
		{
			"name": "cream",
			"from": [1, 5, 13.5],
			"to": [1.5, 5.5, 14.5],
			"rotation": {"angle": 0, "axis": "y", "origin": [8, 0, 8]},
			"faces": {
				"north": {"uv": [15.625, 4.25, 15.75, 4.375], "texture": "#all"},
				"west": {"uv": [15.625, 4.25, 15.875, 4.375], "texture": "#all"},
				"down": {"uv": [15.625, 4.25, 15.875, 4.375], "rotation": 270, "texture": "#all"}
			}
		},
		{
			"name": "Wax up",
			"from": [6.9, 10.9, 6.9],
			"to": [9.1, 14.1, 9.1],
			"rotation": {"angle": 0, "axis": "y", "origin": [0, 1.5, 0]},
			"faces": {
				"north": {"uv": [7, 0, 9, 3], "texture": "#candle"},
				"east": {"uv": [9.5, 0, 11.5, 3], "texture": "#candle"},
				"south": {"uv": [7, 0, 9, 3], "texture": "#candle"},
				"west": {"uv": [9.5, 0, 11.5, 3], "texture": "#candle"},
				"up": {"uv": [4.5, 0, 6.5, 2], "texture": "#candle"}
			}
		},
		{
			"name": "Base",
			"from": [7, 8, 7],
			"to": [9, 14, 9],
			"rotation": {"angle": 0, "axis": "y", "origin": [0, 1.5, 0]},
			"faces": {
				"north": {"uv": [0, 0, 2, 6], "texture": "#candle"},
				"east": {"uv": [0, 0, 2, 6], "texture": "#candle"},
				"south": {"uv": [0, 0, 2, 6], "texture": "#candle"},
				"west": {"uv": [2, 0, 4, 6], "texture": "#candle"},
				"up": {"uv": [4.5, 0, 6.5, 2], "texture": "#candle"}
			}
		},
		{
			"name": "Wick",
			"from": [7.75, 14, 7.75],
			"to": [8.25, 15, 8.25],
			"rotation": {"angle": 0, "axis": "y", "origin": [0, 1.5, 0]},
			"faces": {
				"north": {"uv": [4.5, 5, 5, 6], "texture": "#candle"},
				"east": {"uv": [4.5, 5, 5, 6], "texture": "#candle"},
				"south": {"uv": [4.5, 5, 5, 6], "texture": "#candle"},
				"west": {"uv": [4.5, 5, 5, 6], "texture": "#candle"},
				"up": {"uv": [4.5, 5, 5, 5.5], "texture": "#candle"}
			}
		}
	],
	"display": {
		"thirdperson_righthand": {
			"translation": [0, 3, 1],
			"scale": [0.55, 0.55, 0.55]
		},
		"thirdperson_lefthand": {
			"translation": [0, 3, 1],
			"scale": [0.55, 0.55, 0.55]
		},
		"firstperson_righthand": {
			"rotation": [0, -90, 25],
			"translation": [1.13, 3.95, 1.13],
			"scale": [0.68, 0.68, 0.68]
		},
		"firstperson_lefthand": {
			"rotation": [0, -90, 25],
			"translation": [1.13, 3.95, 1.13],
			"scale": [0.68, 0.68, 0.68]
		},
		"ground": {
			"rotation": [0, 0, 90],
			"translation": [-2, 1, 0],
			"scale": [0.5, 0.5, 0.5]
		},
		"gui": {
			"rotation": [30, 45, 0],
			"translation": [0, 4.25, 0],
			"scale": [1.5, 1.5, 1.5]
		},
		"head": {
			"rotation": [0, 180, 0],
			"translation": [0, 13, 7]
		},
		"fixed": {
			"rotation": [0, 180, 0],
			"translation": [0, 4, 0]
		}
	},
	"groups": [
		{
			"name": "cake",
			"origin": [8, 8, 8],
			"color": 0,
			"nbt": "{}",
			"children": [
				0,
				{
					"name": "cream south",
					"origin": [8, 8, 8],
					"color": 0,
					"nbt": "{}",
					"children": [1, 2, 3, 4, 5, 6, 7, 8, 9]
				},
				{
					"name": "cream north",
					"origin": [8, 8, 8],
					"color": 0,
					"nbt": "{}",
					"children": [10, 11, 12, 13, 14, 15, 16, 17, 18]
				},
				{
					"name": "cream east",
					"origin": [8, 8, 8],
					"color": 0,
					"nbt": "{}",
					"children": [19, 20, 21, 22, 23, 24, 25, 26, 27]
				},
				{
					"name": "cream west",
					"origin": [8, 8, 8],
					"color": 0,
					"nbt": "{}",
					"children": [28, 29, 30, 31, 32, 33, 34, 35, 36]
				}
			]
		},
		{
			"name": "candle",
			"origin": [8, 8, 8],
			"color": 0,
			"nbt": "{}",
			"children": [37, 38, 39]
		}
	]
}