{
	"credit": "Made with Blockbench",
	"parent": "block/block",
	"textures": {
		"1": "block/infested"
	},
	"elements": [
		{
			"from": [0, 0, -0.001],
			"to": [16, 1, -0.001],
			"rotation": {"angle": 0, "axis": "y", "origin": [8, 8, 8]},
			"faces": {
				"north": {"uv": [0, 15, 16, 16], "texture": "#1", "cullface": "north"}
			}
		},
		{
			"from": [0, 1, -0.001],
			"to": [1, 15, -0.001],
			"rotation": {"angle": 0, "axis": "y", "origin": [8, 8, 8]},
			"faces": {
				"north": {"uv": [15, 1, 16, 15], "texture": "#1", "cullface": "north"}
			}
		},
		{
			"from": [15, 1, -0.001],
			"to": [16, 15, -0.001],
			"rotation": {"angle": 0, "axis": "y", "origin": [8, 8, 8]},
			"faces": {
				"north": {"uv": [0, 1, 1, 15], "texture": "#1", "cullface": "north"}
			}
		},
		{
			"from": [0, 15, -0.001],
			"to": [16, 16, -0.001],
			"rotation": {"angle": 0, "axis": "y", "origin": [8, 8, 8]},
			"faces": {
				"north": {"uv": [0, 0, 16, 1], "texture": "#1", "cullface": "north"}
			}
		},
		{
			"from": [-0.001, 0, 0],
			"to": [-0.001, 1, 16],
			"rotation": {"angle": 0, "axis": "y", "origin": [8, 8, 8]},
			"faces": {
				"west": {"uv": [0, 15, 16, 16], "texture": "#1", "cullface": "west"}
			}
		},
		{
			"from": [-0.001, 1, 15],
			"to": [-0.001, 15, 16],
			"rotation": {"angle": 0, "axis": "y", "origin": [8, 8, 8]},
			"faces": {
				"west": {"uv": [15, 1, 16, 15], "texture": "#1", "cullface": "west"}
			}
		},
		{
			"from": [-0.001, 1, 0],
			"to": [-0.001, 15, 1],
			"rotation": {"angle": 0, "axis": "y", "origin": [8, 8, 8]},
			"faces": {
				"west": {"uv": [0, 1, 1, 15], "texture": "#1", "cullface": "west"}
			}
		},
		{
			"from": [-0.001, 15, 0],
			"to": [-0.001, 16, 16],
			"rotation": {"angle": 0, "axis": "y", "origin": [8, 8, 8]},
			"faces": {
				"west": {"uv": [0, 0, 16, 1], "texture": "#1", "cullface": "west"}
			}
		},
		{
			"from": [0, 0, 16.001],
			"to": [16, 1, 16.001],
			"rotation": {"angle": 0, "axis": "y", "origin": [8, 8, 8]},
			"faces": {
				"south": {"uv": [0, 15, 16, 16], "texture": "#1", "cullface": "south"}
			}
		},
		{
			"from": [15, 1, 16.001],
			"to": [16, 15, 16.001],
			"rotation": {"angle": 0, "axis": "y", "origin": [8, 8, 8]},
			"faces": {
				"south": {"uv": [15, 1, 16, 15], "texture": "#1", "cullface": "south"}
			}
		},
		{
			"from": [0, 1, 16.001],
			"to": [1, 15, 16.001],
			"rotation": {"angle": 0, "axis": "y", "origin": [8, 8, 8]},
			"faces": {
				"south": {"uv": [0, 1, 1, 15], "texture": "#1", "cullface": "south"}
			}
		},
		{
			"from": [0, 15, 16.001],
			"to": [16, 16, 16.001],
			"rotation": {"angle": 0, "axis": "y", "origin": [8, 8, 8]},
			"faces": {
				"south": {"uv": [0, 0, 16, 1], "texture": "#1", "cullface": "south"}
			}
		},
		{
			"from": [16.001, 0, 0],
			"to": [16.001, 1, 16],
			"rotation": {"angle": 0, "axis": "y", "origin": [8, 8, 8]},
			"faces": {
				"east": {"uv": [0, 15, 16, 16], "texture": "#1", "cullface": "east"}
			}
		},
		{
			"from": [16.001, 1, 0],
			"to": [16.001, 15, 1],
			"rotation": {"angle": 0, "axis": "y", "origin": [8, 8, 8]},
			"faces": {
				"east": {"uv": [15, 1, 16, 15], "texture": "#1", "cullface": "east"}
			}
		},
		{
			"from": [16.001, 1, 15],
			"to": [16.001, 15, 16],
			"rotation": {"angle": 0, "axis": "y", "origin": [8, 8, 8]},
			"faces": {
				"east": {"uv": [0, 1, 1, 15], "texture": "#1", "cullface": "east"}
			}
		},
		{
			"from": [16.001, 15, 0],
			"to": [16.001, 16, 16],
			"rotation": {"angle": 0, "axis": "y", "origin": [8, 8, 8]},
			"faces": {
				"east": {"uv": [0, 0, 16, 1], "texture": "#1", "cullface": "east"}
			}
		},
		{
			"from": [15, 16.001, 0],
			"to": [16, 16.001, 16],
			"rotation": {"angle": 0, "axis": "z", "origin": [8, 8, 8]},
			"faces": {
				"up": {"uv": [0, 15, 16, 16], "rotation": 270, "texture": "#1", "cullface": "up"}
			}
		},
		{
			"from": [1, 16.001, 0],
			"to": [15, 16.001, 1],
			"rotation": {"angle": 0, "axis": "z", "origin": [8, 8, 8]},
			"faces": {
				"up": {"uv": [15, 1, 16, 15], "rotation": 270, "texture": "#1", "cullface": "up"}
			}
		},
		{
			"from": [1, 16.001, 15],
			"to": [15, 16.001, 16],
			"rotation": {"angle": 0, "axis": "z", "origin": [8, 8, 8]},
			"faces": {
				"up": {"uv": [0, 1, 1, 15], "rotation": 270, "texture": "#1", "cullface": "up"}
			}
		},
		{
			"from": [0, 16.001, 0],
			"to": [1, 16.001, 16],
			"rotation": {"angle": 0, "axis": "z", "origin": [8, 8, 8]},
			"faces": {
				"up": {"uv": [0, 0, 16, 1], "rotation": 270, "texture": "#1", "cullface": "up"}
			}
		},
		{
			"from": [0, -0.001, 0],
			"to": [1, -0.001, 16],
			"rotation": {"angle": 0, "axis": "z", "origin": [8, 8, 8]},
			"faces": {
				"down": {"uv": [0, 15, 16, 16], "rotation": 90, "texture": "#1", "cullface": "down"}
			}
		},
		{
			"from": [1, -0.001, 0],
			"to": [15, -0.001, 1],
			"rotation": {"angle": 0, "axis": "z", "origin": [8, 8, 8]},
			"faces": {
				"down": {"uv": [15, 1, 16, 15], "rotation": 90, "texture": "#1", "cullface": "down"}
			}
		},
		{
			"from": [1, -0.001, 15],
			"to": [15, -0.001, 16],
			"rotation": {"angle": 0, "axis": "z", "origin": [8, 8, 8]},
			"faces": {
				"down": {"uv": [0, 1, 1, 15], "rotation": 90, "texture": "#1", "cullface": "down"}
			}
		},
		{
			"from": [15, -0.001, 0],
			"to": [16, -0.001, 16],
			"rotation": {"angle": 0, "axis": "z", "origin": [8, 8, 8]},
			"faces": {
				"down": {"uv": [0, 0, 16, 1], "rotation": 90, "texture": "#1", "cullface": "down"}
			}
		}
	],
	"groups": [
		{
			"name": "north",
			"origin": [0, 0, 0],
			"color": 0,
			"children": [0, 1, 2, 3]
		},
		{
			"name": "west",
			"origin": [0, 0, 0],
			"color": 0,
			"children": [4, 5, 6, 7]
		},
		{
			"name": "south",
			"origin": [0, 0, 0],
			"color": 0,
			"children": [8, 9, 10, 11]
		},
		{
			"name": "east",
			"origin": [0, 0, 0],
			"color": 0,
			"children": [12, 13, 14, 15]
		},
		{
			"name": "top",
			"origin": [0, 0, 0],
			"color": 0,
			"children": [16, 17, 18, 19]
		},
		{
			"name": "bottom",
			"origin": [0, 0, 0],
			"color": 0,
			"children": [20, 21, 22, 23]
		}
	]
}