{
	"credit": "Made with Blockbench",
	"parent": "block/block",
	"elements": [
		{
			"name": "Сandle holder",
			"from": [6.5, 0, 6.5],
			"to": [9.5, 3, 9.5],
			"rotation": {"angle": 0, "axis": "y", "origin": [0, 3, 0]},
			"faces": {
				"north": {"uv": [13, 3.5, 16, 6.5], "texture": "#all"},
				"east": {"uv": [13, 3.5, 16, 6.5], "texture": "#all"},
				"south": {"uv": [13, 3.5, 16, 6.5], "texture": "#all"},
				"west": {"uv": [13, 3.5, 16, 6.5], "texture": "#all"},
				"up": {"uv": [13, 0, 16, 3], "texture": "#all"},
				"down": {"uv": [13, 0, 16, 3], "texture": "#all"}
			}
		},
		{
			"name": "Wax up",
			"from": [6.9, 3.9, 6.9],
			"to": [9.1, 7.1, 9.1],
			"rotation": {"angle": 0, "axis": "y", "origin": [0, 1.5, 0]},
			"faces": {
				"north": {"uv": [7, 0, 9, 3], "texture": "#all"},
				"east": {"uv": [9.5, 0, 11.5, 3], "texture": "#all"},
				"south": {"uv": [7, 0, 9, 3], "texture": "#all"},
				"west": {"uv": [9.5, 0, 11.5, 3], "texture": "#all"},
				"up": {"uv": [4.5, 0, 6.5, 2], "texture": "#all"}
			}
		},
		{
			"name": "Base",
			"from": [7, 2, 7],
			"to": [9, 7, 9],
			"rotation": {"angle": 0, "axis": "y", "origin": [0, 1.5, 0]},
			"faces": {
				"north": {"uv": [0, 0, 2, 5], "texture": "#all"},
				"east": {"uv": [0, 0, 2, 5], "texture": "#all"},
				"south": {"uv": [0, 0, 2, 5], "texture": "#all"},
				"west": {"uv": [2, 0, 4, 5], "texture": "#all"},
				"up": {"uv": [4.5, 0, 6.5, 2], "texture": "#all"}
			}
		},
		{
			"name": "Wick",
			"from": [7.75, 7, 7.75],
			"to": [8.25, 8, 8.25],
			"rotation": {"angle": 0, "axis": "y", "origin": [0, 1.5, 0]},
			"faces": {
				"north": {"uv": [4.5, 5, 5, 6], "texture": "#all"},
				"east": {"uv": [4.5, 5, 5, 6], "texture": "#all"},
				"south": {"uv": [4.5, 5, 5, 6], "texture": "#all"},
				"west": {"uv": [4.5, 5, 5, 6], "texture": "#all"},
				"up": {"uv": [4.5, 5, 5, 5.5], "texture": "#all"}
			}
		}
	],
	"display": {
		"thirdperson_righthand": {
			"translation": [0, 3.25, 1],
			"scale": [0.55, 0.55, 0.55]
		},
		"thirdperson_lefthand": {
			"translation": [0, 3.25, 1],
			"scale": [0.55, 0.55, 0.55]
		},
		"firstperson_righthand": {
			"rotation": [0, -90, 25],
			"translation": [1.13, 3.2, 1.13],
			"scale": [0.68, 0.68, 0.68]
		},
		"firstperson_lefthand": {
			"rotation": [0, -90, 25],
			"translation": [1.13, 3.2, 1.13],
			"scale": [0.68, 0.68, 0.68]
		},
		"ground": {
			"translation": [0, 2, 0],
			"scale": [0.5, 0.5, 0.5]
		},
		"gui": {
			"rotation": [30, 225, 0],
			"translation": [0, 4.75, 0],
			"scale": [1.5, 1.5, 1.5]
		},
		"head": {
			"rotation": [0, 180, 0],
			"translation": [0, 13, 0]
		},
		"fixed": {
			"rotation": [0, 180, 0],
			"translation": [0, 5, 0]
		}
	}
}