{
	"credit": "Made with Blockbench",
	"parent": "block/slab",
	"textures": {
		"all": "block/cake/13",
		"particle": "block/break/cake"
	},
	"elements": [
		{
			"name": "cake",
			"from": [1.5, 0, 1.5],
			"to": [14.5, 8, 14.5],
			"faces": {
				"north": {"uv": [12.625, 3.625, 15.875, 5.625], "texture": "#all"},
				"east": {"uv": [12.625, 3.625, 15.875, 5.625], "texture": "#all"},
				"south": {"uv": [12.625, 3.625, 15.875, 5.625], "texture": "#all"},
				"west": {"uv": [12.625, 3.625, 15.875, 5.625], "texture": "#all"},
				"up": {"uv": [12.625, 0.125, 15.875, 3.375], "texture": "#all"},
				"down": {"uv": [12.75, 5.75, 16, 9], "texture": "#all"}
			}
		},
		{
			"name": "cream",
			"from": [1, 6.5, 14.5],
			"to": [15, 8, 15],
			"rotation": {"angle": 0, "axis": "y", "origin": [8, 0, 8]},
			"faces": {
				"east": {"uv": [12.5, 3.625, 12.625, 4], "texture": "#all"},
				"south": {"uv": [12.5, 3.625, 16, 4], "texture": "#all"},
				"west": {"uv": [15.875, 3.625, 16, 4], "texture": "#all"},
				"up": {"uv": [12.5, 3.375, 16, 3.5], "texture": "#all"},
				"down": {"uv": [12.5, 3.875, 16, 4], "texture": "#all"}
			}
		},
		{
			"name": "cream",
			"from": [4.5, 4.5, 14.5],
			"to": [6.5, 5, 15],
			"rotation": {"angle": 0, "axis": "y", "origin": [8, 0, 8]},
			"faces": {
				"east": {"uv": [13.75, 4.375, 13.875, 4.5], "texture": "#all"},
				"south": {"uv": [13.375, 4.375, 13.875, 4.5], "texture": "#all"},
				"west": {"uv": [13.375, 4.375, 13.5, 4.5], "texture": "#all"},
				"down": {"uv": [13.375, 4.375, 13.875, 4.5], "texture": "#all"}
			}
		},
		{
			"name": "cream",
			"from": [1, 4.5, 14.5],
			"to": [2, 5, 15],
			"rotation": {"angle": 0, "axis": "y", "origin": [8, 0, 8]},
			"faces": {
				"east": {"uv": [12.75, 4.5, 12.625, 4.375], "texture": "#all"},
				"south": {"uv": [12.5, 4.375, 12.75, 4.5], "texture": "#all"},
				"west": {"uv": [16, 4.5, 15.875, 4.375], "texture": "#all"},
				"down": {"uv": [12.5, 4.375, 12.75, 4.5], "texture": "#all"}
			}
		},
		{
			"name": "cream",
			"from": [1, 4, 14.5],
			"to": [1.5, 4.5, 15],
			"rotation": {"angle": 0, "axis": "y", "origin": [8, 0, 8]},
			"faces": {
				"east": {"uv": [12.625, 4.625, 12.5, 4.5], "texture": "#all"},
				"south": {"uv": [12.5, 4.5, 12.625, 4.625], "texture": "#all"},
				"west": {"uv": [16, 4.625, 15.875, 4.5], "texture": "#all"},
				"down": {"uv": [12.5, 4.5, 12.625, 4.625], "texture": "#all"}
			}
		},
		{
			"name": "cream",
			"from": [3.5, 3.5, 14.5],
			"to": [4, 4, 15],
			"rotation": {"angle": 0, "axis": "y", "origin": [8, 0, 8]},
			"faces": {
				"east": {"uv": [13.25, 4.75, 13.125, 4.625], "texture": "#all"},
				"south": {"uv": [13.125, 4.625, 13.25, 4.75], "texture": "#all"},
				"west": {"uv": [13.25, 4.75, 13.125, 4.625], "texture": "#all"},
				"up": {"uv": [13.125, 4.625, 13.25, 4.75], "texture": "#all"},
				"down": {"uv": [13.125, 4.625, 13.25, 4.75], "texture": "#all"}
			}
		},
		{
			"name": "cream",
			"from": [11, 4.5, 14.5],
			"to": [11.5, 5, 15],
			"rotation": {"angle": 0, "axis": "y", "origin": [8, 0, 8]},
			"faces": {
				"east": {"uv": [15.125, 4.5, 15, 4.375], "texture": "#all"},
				"south": {"uv": [15, 4.375, 15.125, 4.5], "texture": "#all"},
				"west": {"uv": [15.125, 4.5, 15, 4.375], "texture": "#all"},
				"up": {"uv": [15, 4.375, 15.125, 4.5], "texture": "#all"},
				"down": {"uv": [15, 4.375, 15.125, 4.5], "texture": "#all"}
			}
		},
		{
			"name": "cream",
			"from": [10.5, 3, 14.5],
			"to": [11, 3.5, 15],
			"rotation": {"angle": 0, "axis": "y", "origin": [8, 0, 8]},
			"faces": {
				"east": {"uv": [15, 4.875, 14.875, 4.75], "texture": "#all"},
				"south": {"uv": [14.875, 4.75, 15, 4.875], "texture": "#all"},
				"west": {"uv": [15, 4.875, 14.875, 4.75], "texture": "#all"},
				"up": {"uv": [14.875, 4.75, 15, 4.875], "texture": "#all"},
				"down": {"uv": [14.875, 4.75, 15, 4.875], "texture": "#all"}
			}
		},
		{
			"name": "cream",
			"from": [13, 3.5, 14.5],
			"to": [13.5, 4, 15],
			"rotation": {"angle": 0, "axis": "y", "origin": [8, 0, 8]},
			"faces": {
				"east": {"uv": [15.625, 4.75, 15.5, 4.625], "texture": "#all"},
				"south": {"uv": [15.5, 4.625, 15.625, 4.75], "texture": "#all"},
				"west": {"uv": [15.625, 4.75, 15.5, 4.625], "texture": "#all"},
				"down": {"uv": [15.5, 4.625, 15.625, 4.75], "texture": "#all"}
			}
		},
		{
			"name": "cream",
			"from": [1, 6, 14.5],
			"to": [8, 6.5, 15],
			"rotation": {"angle": 0, "axis": "y", "origin": [8, 0, 8]},
			"faces": {
				"east": {"uv": [14.125, 4, 14.25, 4.125], "texture": "#all"},
				"south": {"uv": [12.5, 4, 14.25, 4.125], "texture": "#all"},
				"west": {"uv": [16, 4, 15.875, 4.125], "texture": "#all"},
				"down": {"uv": [12.5, 4, 14.25, 4.125], "texture": "#all"}
			}
		},
		{
			"name": "cream",
			"from": [1, 5.5, 14.5],
			"to": [7.5, 6, 15],
			"rotation": {"angle": 0, "axis": "y", "origin": [8, 0, 8]},
			"faces": {
				"east": {"uv": [14, 4.125, 14.125, 4.25], "texture": "#all"},
				"south": {"uv": [12.5, 4.125, 14.125, 4.25], "texture": "#all"},
				"west": {"uv": [16, 4.125, 15.875, 4.25], "texture": "#all"},
				"down": {"uv": [12.5, 4.125, 14.125, 4.25], "texture": "#all"}
			}
		},
		{
			"name": "cream",
			"from": [1, 5, 14.5],
			"to": [7, 5.5, 15],
			"rotation": {"angle": 0, "axis": "y", "origin": [8, 0, 8]},
			"faces": {
				"east": {"uv": [13.875, 4.25, 14, 4.375], "texture": "#all"},
				"south": {"uv": [12.5, 4.25, 14, 4.375], "texture": "#all"},
				"west": {"uv": [16, 4.25, 15.875, 4.375], "texture": "#all"},
				"down": {"uv": [12.5, 4.25, 14, 4.375], "texture": "#all"}
			}
		},
		{
			"name": "cream",
			"from": [10.5, 6, 14.5],
			"to": [15, 6.5, 15],
			"rotation": {"angle": 0, "axis": "y", "origin": [8, 0, 8]},
			"faces": {
				"east": {"uv": [12.5, 4, 12.625, 4.125], "texture": "#all"},
				"south": {"uv": [14.875, 4, 16, 4.125], "texture": "#all"},
				"west": {"uv": [14.875, 4, 15, 4.125], "texture": "#all"},
				"down": {"uv": [14.875, 4, 16, 4.125], "texture": "#all"}
			}
		},
		{
			"name": "cream",
			"from": [11, 5.5, 14.5],
			"to": [15, 6, 15],
			"rotation": {"angle": 0, "axis": "y", "origin": [8, 0, 8]},
			"faces": {
				"east": {"uv": [12.5, 4.125, 12.625, 4.25], "texture": "#all"},
				"south": {"uv": [15, 4.125, 16, 4.25], "texture": "#all"},
				"west": {"uv": [15, 4.125, 15.125, 4.25], "texture": "#all"},
				"down": {"uv": [15, 4.125, 16, 4.25], "texture": "#all"}
			}
		},
		{
			"name": "cream",
			"from": [11.5, 5, 14.5],
			"to": [15, 5.5, 15],
			"rotation": {"angle": 0, "axis": "y", "origin": [8, 0, 8]},
			"faces": {
				"east": {"uv": [12.5, 4.25, 12.625, 4.375], "texture": "#all"},
				"south": {"uv": [15.125, 4.25, 16, 4.375], "texture": "#all"},
				"west": {"uv": [15.125, 4.25, 15.25, 4.375], "texture": "#all"},
				"down": {"uv": [15.125, 4.25, 16, 4.375], "texture": "#all"}
			}
		},
		{
			"name": "cream",
			"from": [12, 4.5, 14.5],
			"to": [15, 5, 15],
			"rotation": {"angle": 0, "axis": "y", "origin": [8, 0, 8]},
			"faces": {
				"east": {"uv": [12.5, 4.375, 12.625, 4.5], "texture": "#all"},
				"south": {"uv": [15.25, 4.375, 16, 4.5], "texture": "#all"},
				"west": {"uv": [15.25, 4.375, 15.375, 4.5], "texture": "#all"},
				"down": {"uv": [15.25, 4.375, 16, 4.5], "texture": "#all"}
			}
		},
		{
			"name": "cream",
			"from": [13, 4, 14.5],
			"to": [15, 4.5, 15],
			"rotation": {"angle": 0, "axis": "y", "origin": [8, 0, 8]},
			"faces": {
				"north": {"uv": [15.5, 4.5, 16, 4.625], "texture": "#all"},
				"east": {"uv": [12.5, 4.5, 12.625, 4.625], "texture": "#all"},
				"south": {"uv": [15.5, 4.5, 16, 4.625], "texture": "#all"},
				"west": {"uv": [15.5, 4.5, 15.625, 4.625], "texture": "#all"},
				"down": {"uv": [15.5, 4.5, 16, 4.625], "texture": "#all"}
			}
		},
		{
			"name": "cream",
			"from": [1, 6.5, 1],
			"to": [15, 8, 1.5],
			"rotation": {"angle": 0, "axis": "y", "origin": [8, 0, 8]},
			"faces": {
				"north": {"uv": [12.5, 3.625, 16, 4], "texture": "#all"},
				"east": {"uv": [15.875, 3.625, 16, 4], "texture": "#all"},
				"west": {"uv": [12.5, 3.625, 12.625, 4], "texture": "#all"},
				"up": {"uv": [12.5, 0, 16, 0.125], "texture": "#all"},
				"down": {"uv": [12.5, 3.875, 16, 4], "rotation": 180, "texture": "#all"}
			}
		},
		{
			"name": "cream",
			"from": [9.5, 4.5, 1],
			"to": [11.5, 5, 1.5],
			"rotation": {"angle": 0, "axis": "y", "origin": [8, 0, 8]},
			"faces": {
				"north": {"uv": [13.375, 4.375, 13.875, 4.5], "texture": "#all"},
				"east": {"uv": [13.375, 4.375, 13.5, 4.5], "texture": "#all"},
				"west": {"uv": [13.75, 4.375, 13.875, 4.5], "texture": "#all"},
				"down": {"uv": [13.375, 4.375, 13.875, 4.5], "rotation": 180, "texture": "#all"}
			}
		},
		{
			"name": "cream",
			"from": [14, 4.5, 1],
			"to": [15, 5, 1.5],
			"rotation": {"angle": 0, "axis": "y", "origin": [8, 0, 8]},
			"faces": {
				"north": {"uv": [12.5, 4.375, 12.75, 4.5], "texture": "#all"},
				"east": {"uv": [16, 4.5, 15.875, 4.375], "texture": "#all"},
				"west": {"uv": [12.75, 4.5, 12.625, 4.375], "texture": "#all"},
				"down": {"uv": [12.5, 4.375, 12.75, 4.5], "rotation": 180, "texture": "#all"}
			}
		},
		{
			"name": "cream",
			"from": [14.5, 4, 1],
			"to": [15, 4.5, 1.5],
			"rotation": {"angle": 0, "axis": "y", "origin": [8, 0, 8]},
			"faces": {
				"north": {"uv": [12.5, 4.5, 12.625, 4.625], "texture": "#all"},
				"east": {"uv": [16, 4.625, 15.875, 4.5], "texture": "#all"},
				"west": {"uv": [12.625, 4.625, 12.5, 4.5], "texture": "#all"},
				"down": {"uv": [12.5, 4.5, 12.625, 4.625], "rotation": 180, "texture": "#all"}
			}
		},
		{
			"name": "cream",
			"from": [12, 3.5, 1],
			"to": [12.5, 4, 1.5],
			"rotation": {"angle": 0, "axis": "y", "origin": [8, 0, 8]},
			"faces": {
				"north": {"uv": [13.125, 4.625, 13.25, 4.75], "texture": "#all"},
				"east": {"uv": [13.25, 4.75, 13.125, 4.625], "texture": "#all"},
				"west": {"uv": [13.25, 4.75, 13.125, 4.625], "texture": "#all"},
				"up": {"uv": [13.125, 4.625, 13.25, 4.75], "rotation": 180, "texture": "#all"},
				"down": {"uv": [13.125, 4.625, 13.25, 4.75], "rotation": 180, "texture": "#all"}
			}
		},
		{
			"name": "cream",
			"from": [4.5, 4.5, 1],
			"to": [5, 5, 1.5],
			"rotation": {"angle": 0, "axis": "y", "origin": [8, 0, 8]},
			"faces": {
				"north": {"uv": [15, 4.375, 15.125, 4.5], "texture": "#all"},
				"east": {"uv": [15.125, 4.5, 15, 4.375], "texture": "#all"},
				"west": {"uv": [15.125, 4.5, 15, 4.375], "texture": "#all"},
				"up": {"uv": [15, 4.375, 15.125, 4.5], "rotation": 180, "texture": "#all"},
				"down": {"uv": [15, 4.375, 15.125, 4.5], "rotation": 180, "texture": "#all"}
			}
		},
		{
			"name": "cream",
			"from": [5, 3, 1],
			"to": [5.5, 3.5, 1.5],
			"rotation": {"angle": 0, "axis": "y", "origin": [8, 0, 8]},
			"faces": {
				"north": {"uv": [14.875, 4.75, 15, 4.875], "texture": "#all"},
				"east": {"uv": [15, 4.875, 14.875, 4.75], "texture": "#all"},
				"west": {"uv": [15, 4.875, 14.875, 4.75], "texture": "#all"},
				"up": {"uv": [14.875, 4.75, 15, 4.875], "rotation": 180, "texture": "#all"},
				"down": {"uv": [14.875, 4.75, 15, 4.875], "rotation": 180, "texture": "#all"}
			}
		},
		{
			"name": "cream",
			"from": [2.5, 3.5, 1],
			"to": [3, 4, 1.5],
			"rotation": {"angle": 0, "axis": "y", "origin": [8, 0, 8]},
			"faces": {
				"north": {"uv": [15.5, 4.625, 15.625, 4.75], "texture": "#all"},
				"east": {"uv": [15.625, 4.75, 15.5, 4.625], "texture": "#all"},
				"west": {"uv": [15.625, 4.75, 15.5, 4.625], "texture": "#all"},
				"down": {"uv": [15.5, 4.625, 15.625, 4.75], "rotation": 180, "texture": "#all"}
			}
		},
		{
			"name": "cream",
			"from": [8, 6, 1],
			"to": [15, 6.5, 1.5],
			"rotation": {"angle": 0, "axis": "y", "origin": [8, 0, 8]},
			"faces": {
				"north": {"uv": [12.5, 4, 14.25, 4.125], "texture": "#all"},
				"east": {"uv": [16, 4, 15.875, 4.125], "texture": "#all"},
				"west": {"uv": [14.125, 4, 14.25, 4.125], "texture": "#all"},
				"down": {"uv": [12.5, 4, 14.25, 4.125], "rotation": 180, "texture": "#all"}
			}
		},
		{
			"name": "cream",
			"from": [8.5, 5.5, 1],
			"to": [15, 6, 1.5],
			"rotation": {"angle": 0, "axis": "y", "origin": [8, 0, 8]},
			"faces": {
				"north": {"uv": [12.5, 4.125, 14.125, 4.25], "texture": "#all"},
				"east": {"uv": [16, 4.125, 15.875, 4.25], "texture": "#all"},
				"west": {"uv": [14, 4.125, 14.125, 4.25], "texture": "#all"},
				"down": {"uv": [12.5, 4.125, 14.125, 4.25], "rotation": 180, "texture": "#all"}
			}
		},
		{
			"name": "cream",
			"from": [9, 5, 1],
			"to": [15, 5.5, 1.5],
			"rotation": {"angle": 0, "axis": "y", "origin": [8, 0, 8]},
			"faces": {
				"north": {"uv": [12.5, 4.25, 14, 4.375], "texture": "#all"},
				"east": {"uv": [16, 4.25, 15.875, 4.375], "texture": "#all"},
				"west": {"uv": [13.875, 4.25, 14, 4.375], "texture": "#all"},
				"down": {"uv": [12.5, 4.25, 14, 4.375], "rotation": 180, "texture": "#all"}
			}
		},
		{
			"name": "cream",
			"from": [1, 6, 1],
			"to": [5.5, 6.5, 1.5],
			"rotation": {"angle": 0, "axis": "y", "origin": [8, 0, 8]},
			"faces": {
				"north": {"uv": [14.875, 4, 16, 4.125], "texture": "#all"},
				"east": {"uv": [14.875, 4, 15, 4.125], "texture": "#all"},
				"west": {"uv": [12.5, 4, 12.625, 4.125], "texture": "#all"},
				"down": {"uv": [14.875, 4, 16, 4.125], "rotation": 180, "texture": "#all"}
			}
		},
		{
			"name": "cream",
			"from": [1, 5.5, 1],
			"to": [5, 6, 1.5],
			"rotation": {"angle": 0, "axis": "y", "origin": [8, 0, 8]},
			"faces": {
				"north": {"uv": [15, 4.125, 16, 4.25], "texture": "#all"},
				"east": {"uv": [15, 4.125, 15.125, 4.25], "texture": "#all"},
				"west": {"uv": [12.5, 4.125, 12.625, 4.25], "texture": "#all"},
				"down": {"uv": [15, 4.125, 16, 4.25], "rotation": 180, "texture": "#all"}
			}
		},
		{
			"name": "cream",
			"from": [1, 5, 1],
			"to": [4.5, 5.5, 1.5],
			"rotation": {"angle": 0, "axis": "y", "origin": [8, 0, 8]},
			"faces": {
				"north": {"uv": [15.125, 4.25, 16, 4.375], "texture": "#all"},
				"east": {"uv": [15.125, 4.25, 15.25, 4.375], "texture": "#all"},
				"west": {"uv": [12.5, 4.25, 12.625, 4.375], "texture": "#all"},
				"down": {"uv": [15.125, 4.25, 16, 4.375], "rotation": 180, "texture": "#all"}
			}
		},
		{
			"name": "cream",
			"from": [1, 4.5, 1],
			"to": [4, 5, 1.5],
			"rotation": {"angle": 0, "axis": "y", "origin": [8, 0, 8]},
			"faces": {
				"north": {"uv": [15.25, 4.375, 16, 4.5], "texture": "#all"},
				"east": {"uv": [15.25, 4.375, 15.375, 4.5], "texture": "#all"},
				"west": {"uv": [12.5, 4.375, 12.625, 4.5], "texture": "#all"},
				"down": {"uv": [15.25, 4.375, 16, 4.5], "rotation": 180, "texture": "#all"}
			}
		},
		{
			"name": "cream",
			"from": [1, 4, 1],
			"to": [3, 4.5, 1.5],
			"rotation": {"angle": 0, "axis": "y", "origin": [8, 0, 8]},
			"faces": {
				"north": {"uv": [15.5, 4.5, 16, 4.625], "texture": "#all"},
				"east": {"uv": [15.5, 4.5, 15.625, 4.625], "texture": "#all"},
				"south": {"uv": [15.5, 4.5, 16, 4.625], "texture": "#all"},
				"west": {"uv": [12.5, 4.5, 12.625, 4.625], "texture": "#all"},
				"down": {"uv": [15.5, 4.5, 16, 4.625], "rotation": 180, "texture": "#all"}
			}
		},
		{
			"name": "cream",
			"from": [1, 6.5, 1.5],
			"to": [1.5, 8, 14.5],
			"rotation": {"angle": 0, "axis": "y", "origin": [8, 0, 8]},
			"faces": {
				"west": {"uv": [12.625, 3.625, 15.875, 4], "texture": "#all"},
				"up": {"uv": [12.5, 0.125, 12.625, 3.375], "texture": "#all"},
				"down": {"uv": [12.625, 3.875, 15.875, 4], "rotation": 270, "texture": "#all"}
			}
		},
		{
			"name": "cream",
			"from": [1, 4.5, 4.5],
			"to": [1.5, 5, 6.5],
			"rotation": {"angle": 0, "axis": "y", "origin": [8, 0, 8]},
			"faces": {
				"north": {"uv": [13.375, 4.375, 13.5, 4.5], "texture": "#all"},
				"south": {"uv": [13.75, 4.375, 13.875, 4.5], "texture": "#all"},
				"west": {"uv": [13.375, 4.375, 13.875, 4.5], "texture": "#all"},
				"down": {"uv": [13.375, 4.375, 13.875, 4.5], "rotation": 270, "texture": "#all"}
			}
		},
		{
			"name": "cream",
			"from": [1, 4.5, 1.5],
			"to": [1.5, 5, 2],
			"rotation": {"angle": 0, "axis": "y", "origin": [8, 0, 8]},
			"faces": {
				"south": {"uv": [12.75, 4.5, 12.625, 4.375], "texture": "#all"},
				"west": {"uv": [12.625, 4.375, 12.75, 4.5], "texture": "#all"},
				"down": {"uv": [12.75, 4.375, 12.625, 4.5], "rotation": 270, "texture": "#all"}
			}
		},
		{
			"name": "cream",
			"from": [1, 3.5, 3.5],
			"to": [1.5, 4, 4],
			"rotation": {"angle": 0, "axis": "y", "origin": [8, 0, 8]},
			"faces": {
				"north": {"uv": [13.25, 4.75, 13.125, 4.625], "texture": "#all"},
				"south": {"uv": [13.25, 4.75, 13.125, 4.625], "texture": "#all"},
				"west": {"uv": [13.125, 4.625, 13.25, 4.75], "texture": "#all"},
				"up": {"uv": [13.125, 4.625, 13.25, 4.75], "rotation": 90, "texture": "#all"},
				"down": {"uv": [13.125, 4.625, 13.25, 4.75], "rotation": 270, "texture": "#all"}
			}
		},
		{
			"name": "cream",
			"from": [1, 4.5, 11],
			"to": [1.5, 5, 11.5],
			"rotation": {"angle": 0, "axis": "y", "origin": [8, 0, 8]},
			"faces": {
				"north": {"uv": [15.125, 4.5, 15, 4.375], "texture": "#all"},
				"south": {"uv": [15.125, 4.5, 15, 4.375], "texture": "#all"},
				"west": {"uv": [15, 4.375, 15.125, 4.5], "texture": "#all"},
				"up": {"uv": [15, 4.375, 15.125, 4.5], "rotation": 90, "texture": "#all"},
				"down": {"uv": [15, 4.375, 15.125, 4.5], "rotation": 270, "texture": "#all"}
			}
		},
		{
			"name": "cream",
			"from": [1, 3, 10.5],
			"to": [1.5, 3.5, 11],
			"rotation": {"angle": 0, "axis": "y", "origin": [8, 0, 8]},
			"faces": {
				"north": {"uv": [15, 4.875, 14.875, 4.75], "texture": "#all"},
				"south": {"uv": [15, 4.875, 14.875, 4.75], "texture": "#all"},
				"west": {"uv": [14.875, 4.75, 15, 4.875], "texture": "#all"},
				"up": {"uv": [14.875, 4.75, 15, 4.875], "rotation": 90, "texture": "#all"},
				"down": {"uv": [14.875, 4.75, 15, 4.875], "rotation": 270, "texture": "#all"}
			}
		},
		{
			"name": "cream",
			"from": [1, 3.5, 13],
			"to": [1.5, 4, 13.5],
			"rotation": {"angle": 0, "axis": "y", "origin": [8, 0, 8]},
			"faces": {
				"north": {"uv": [15.625, 4.75, 15.5, 4.625], "texture": "#all"},
				"south": {"uv": [15.625, 4.75, 15.5, 4.625], "texture": "#all"},
				"west": {"uv": [15.5, 4.625, 15.625, 4.75], "texture": "#all"},
				"down": {"uv": [15.5, 4.625, 15.625, 4.75], "rotation": 270, "texture": "#all"}
			}
		},
		{
			"name": "cream",
			"from": [1, 6, 1.5],
			"to": [1.5, 6.5, 8],
			"rotation": {"angle": 0, "axis": "y", "origin": [8, 0, 8]},
			"faces": {
				"south": {"uv": [14.125, 4, 14.25, 4.125], "texture": "#all"},
				"west": {"uv": [12.625, 4, 14.25, 4.125], "texture": "#all"},
				"down": {"uv": [12.625, 4, 14.25, 4.125], "rotation": 270, "texture": "#all"}
			}
		},
		{
			"name": "cream",
			"from": [1, 5.5, 1.5],
			"to": [1.5, 6, 7.5],
			"rotation": {"angle": 0, "axis": "y", "origin": [8, 0, 8]},
			"faces": {
				"south": {"uv": [14, 4.125, 14.125, 4.25], "texture": "#all"},
				"west": {"uv": [12.625, 4.125, 14.125, 4.25], "texture": "#all"},
				"down": {"uv": [12.625, 4.125, 14.125, 4.25], "rotation": 270, "texture": "#all"}
			}
		},
		{
			"name": "cream",
			"from": [1, 5, 1.5],
			"to": [1.5, 5.5, 7],
			"rotation": {"angle": 0, "axis": "y", "origin": [8, 0, 8]},
			"faces": {
				"south": {"uv": [13.875, 4.25, 14, 4.375], "texture": "#all"},
				"west": {"uv": [12.625, 4.25, 14, 4.375], "texture": "#all"},
				"down": {"uv": [12.625, 4.25, 14, 4.375], "rotation": 270, "texture": "#all"}
			}
		},
		{
			"name": "cream",
			"from": [1, 6, 10.5],
			"to": [1.5, 6.5, 14.5],
			"rotation": {"angle": 0, "axis": "y", "origin": [8, 0, 8]},
			"faces": {
				"north": {"uv": [14.875, 4, 15, 4.125], "texture": "#all"},
				"west": {"uv": [14.875, 4, 15.875, 4.125], "texture": "#all"},
				"down": {"uv": [14.875, 4, 15.875, 4.125], "rotation": 270, "texture": "#all"}
			}
		},
		{
			"name": "cream",
			"from": [1, 5.5, 11],
			"to": [1.5, 6, 14.5],
			"rotation": {"angle": 0, "axis": "y", "origin": [8, 0, 8]},
			"faces": {
				"north": {"uv": [15, 4.125, 15.125, 4.25], "texture": "#all"},
				"west": {"uv": [15, 4.125, 15.875, 4.25], "texture": "#all"},
				"down": {"uv": [15, 4.125, 15.875, 4.25], "rotation": 270, "texture": "#all"}
			}
		},
		{
			"name": "cream",
			"from": [1, 5, 11.5],
			"to": [1.5, 5.5, 14.5],
			"rotation": {"angle": 0, "axis": "y", "origin": [8, 0, 8]},
			"faces": {
				"north": {"uv": [15.125, 4.25, 15.25, 4.375], "texture": "#all"},
				"west": {"uv": [15.125, 4.25, 15.875, 4.375], "texture": "#all"},
				"down": {"uv": [15.125, 4.25, 15.875, 4.375], "rotation": 270, "texture": "#all"}
			}
		},
		{
			"name": "cream",
			"from": [1, 4.5, 12],
			"to": [1.5, 5, 14.5],
			"rotation": {"angle": 0, "axis": "y", "origin": [8, 0, 8]},
			"faces": {
				"north": {"uv": [15.25, 4.375, 15.375, 4.5], "texture": "#all"},
				"west": {"uv": [15.25, 4.375, 15.875, 4.5], "texture": "#all"},
				"down": {"uv": [15.25, 4.375, 15.875, 4.5], "rotation": 270, "texture": "#all"}
			}
		},
		{
			"name": "cream",
			"from": [1, 4, 13],
			"to": [1.5, 4.5, 14.5],
			"rotation": {"angle": 0, "axis": "y", "origin": [8, 0, 8]},
			"faces": {
				"north": {"uv": [15.5, 4.5, 15.625, 4.625], "texture": "#all"},
				"west": {"uv": [15.5, 4.5, 15.875, 4.625], "texture": "#all"},
				"down": {"uv": [15.5, 4.5, 15.875, 4.625], "rotation": 270, "texture": "#all"}
			}
		},
		{
			"name": "cream",
			"from": [14.5, 6.5, 1.5],
			"to": [15, 8, 14.5],
			"rotation": {"angle": 0, "axis": "y", "origin": [8, 0, 8]},
			"faces": {
				"east": {"uv": [12.625, 3.625, 15.875, 4], "texture": "#all"},
				"up": {"uv": [15.875, 0.125, 16, 3.375], "texture": "#all"},
				"down": {"uv": [12.625, 3.875, 15.875, 4], "rotation": 90, "texture": "#all"}
			}
		},
		{
			"name": "cream",
			"from": [14.5, 4.5, 9.5],
			"to": [15, 5, 11.5],
			"rotation": {"angle": 0, "axis": "y", "origin": [8, 0, 8]},
			"faces": {
				"north": {"uv": [13.75, 4.375, 13.875, 4.5], "texture": "#all"},
				"east": {"uv": [13.375, 4.375, 13.875, 4.5], "texture": "#all"},
				"south": {"uv": [13.375, 4.375, 13.5, 4.5], "texture": "#all"},
				"down": {"uv": [13.375, 4.375, 13.875, 4.5], "rotation": 90, "texture": "#all"}
			}
		},
		{
			"name": "cream",
			"from": [14.5, 4.5, 14],
			"to": [15, 5, 14.5],
			"rotation": {"angle": 0, "axis": "y", "origin": [8, 0, 8]},
			"faces": {
				"north": {"uv": [12.75, 4.5, 12.625, 4.375], "texture": "#all"},
				"east": {"uv": [12.625, 4.375, 12.75, 4.5], "texture": "#all"},
				"down": {"uv": [12.75, 4.375, 12.625, 4.5], "rotation": 90, "texture": "#all"}
			}
		},
		{
			"name": "cream",
			"from": [14.5, 3.5, 12],
			"to": [15, 4, 12.5],
			"rotation": {"angle": 0, "axis": "y", "origin": [8, 0, 8]},
			"faces": {
				"north": {"uv": [13.25, 4.75, 13.125, 4.625], "texture": "#all"},
				"east": {"uv": [13.125, 4.625, 13.25, 4.75], "texture": "#all"},
				"south": {"uv": [13.25, 4.75, 13.125, 4.625], "texture": "#all"},
				"up": {"uv": [13.125, 4.625, 13.25, 4.75], "rotation": 270, "texture": "#all"},
				"down": {"uv": [13.125, 4.625, 13.25, 4.75], "rotation": 90, "texture": "#all"}
			}
		},
		{
			"name": "cream",
			"from": [14.5, 4.5, 4.5],
			"to": [15, 5, 5],
			"rotation": {"angle": 0, "axis": "y", "origin": [8, 0, 8]},
			"faces": {
				"north": {"uv": [15.125, 4.5, 15, 4.375], "texture": "#all"},
				"east": {"uv": [15, 4.375, 15.125, 4.5], "texture": "#all"},
				"south": {"uv": [15.125, 4.5, 15, 4.375], "texture": "#all"},
				"up": {"uv": [15, 4.375, 15.125, 4.5], "rotation": 270, "texture": "#all"},
				"down": {"uv": [15, 4.375, 15.125, 4.5], "rotation": 90, "texture": "#all"}
			}
		},
		{
			"name": "cream",
			"from": [14.5, 3, 5],
			"to": [15, 3.5, 5.5],
			"rotation": {"angle": 0, "axis": "y", "origin": [8, 0, 8]},
			"faces": {
				"north": {"uv": [15, 4.875, 14.875, 4.75], "texture": "#all"},
				"east": {"uv": [14.875, 4.75, 15, 4.875], "texture": "#all"},
				"south": {"uv": [15, 4.875, 14.875, 4.75], "texture": "#all"},
				"up": {"uv": [14.875, 4.75, 15, 4.875], "rotation": 270, "texture": "#all"},
				"down": {"uv": [14.875, 4.75, 15, 4.875], "rotation": 90, "texture": "#all"}
			}
		},
		{
			"name": "cream",
			"from": [14.5, 3.5, 2.5],
			"to": [15, 4, 3],
			"rotation": {"angle": 0, "axis": "y", "origin": [8, 0, 8]},
			"faces": {
				"north": {"uv": [15.625, 4.75, 15.5, 4.625], "texture": "#all"},
				"east": {"uv": [15.5, 4.625, 15.625, 4.75], "texture": "#all"},
				"south": {"uv": [15.625, 4.75, 15.5, 4.625], "texture": "#all"},
				"down": {"uv": [15.5, 4.625, 15.625, 4.75], "rotation": 90, "texture": "#all"}
			}
		},
		{
			"name": "cream",
			"from": [14.5, 6, 8],
			"to": [15, 6.5, 14.5],
			"rotation": {"angle": 0, "axis": "y", "origin": [8, 0, 8]},
			"faces": {
				"north": {"uv": [14.125, 4, 14.25, 4.125], "texture": "#all"},
				"east": {"uv": [12.625, 4, 14.25, 4.125], "texture": "#all"},
				"down": {"uv": [12.625, 4, 14.25, 4.125], "rotation": 90, "texture": "#all"}
			}
		},
		{
			"name": "cream",
			"from": [14.5, 5.5, 8.5],
			"to": [15, 6, 14.5],
			"rotation": {"angle": 0, "axis": "y", "origin": [8, 0, 8]},
			"faces": {
				"north": {"uv": [14, 4.125, 14.125, 4.25], "texture": "#all"},
				"east": {"uv": [12.625, 4.125, 14.125, 4.25], "texture": "#all"},
				"down": {"uv": [12.625, 4.125, 14.125, 4.25], "rotation": 90, "texture": "#all"}
			}
		},
		{
			"name": "cream",
			"from": [14.5, 5, 9],
			"to": [15, 5.5, 14.5],
			"rotation": {"angle": 0, "axis": "y", "origin": [8, 0, 8]},
			"faces": {
				"north": {"uv": [13.875, 4.25, 14, 4.375], "texture": "#all"},
				"east": {"uv": [12.625, 4.25, 14, 4.375], "texture": "#all"},
				"down": {"uv": [12.625, 4.25, 14, 4.375], "rotation": 90, "texture": "#all"}
			}
		},
		{
			"name": "cream",
			"from": [14.5, 6, 1.5],
			"to": [15, 6.5, 5.5],
			"rotation": {"angle": 0, "axis": "y", "origin": [8, 0, 8]},
			"faces": {
				"east": {"uv": [14.875, 4, 15.875, 4.125], "texture": "#all"},
				"south": {"uv": [14.875, 4, 15, 4.125], "texture": "#all"},
				"down": {"uv": [14.875, 4, 15.875, 4.125], "rotation": 90, "texture": "#all"}
			}
		},
		{
			"name": "cream",
			"from": [14.5, 5.5, 1.5],
			"to": [15, 6, 5],
			"rotation": {"angle": 0, "axis": "y", "origin": [8, 0, 8]},
			"faces": {
				"east": {"uv": [15, 4.125, 15.875, 4.25], "texture": "#all"},
				"south": {"uv": [15, 4.125, 15.125, 4.25], "texture": "#all"},
				"down": {"uv": [15, 4.125, 15.875, 4.25], "rotation": 90, "texture": "#all"}
			}
		},
		{
			"name": "cream",
			"from": [14.5, 5, 1.5],
			"to": [15, 5.5, 4.5],
			"rotation": {"angle": 0, "axis": "y", "origin": [8, 0, 8]},
			"faces": {
				"east": {"uv": [15.125, 4.25, 15.875, 4.375], "texture": "#all"},
				"south": {"uv": [15.125, 4.25, 15.25, 4.375], "texture": "#all"},
				"down": {"uv": [15.125, 4.25, 15.875, 4.375], "rotation": 90, "texture": "#all"}
			}
		},
		{
			"name": "cream",
			"from": [14.5, 4.5, 1.5],
			"to": [15, 5, 4],
			"rotation": {"angle": 0, "axis": "y", "origin": [8, 0, 8]},
			"faces": {
				"east": {"uv": [15.25, 4.375, 15.875, 4.5], "texture": "#all"},
				"south": {"uv": [15.25, 4.375, 15.375, 4.5], "texture": "#all"},
				"down": {"uv": [15.25, 4.375, 15.875, 4.5], "rotation": 90, "texture": "#all"}
			}
		},
		{
			"name": "cream",
			"from": [14.5, 4, 1.5],
			"to": [15, 4.5, 3],
			"rotation": {"angle": 0, "axis": "y", "origin": [8, 0, 8]},
			"faces": {
				"east": {"uv": [15.5, 4.5, 15.875, 4.625], "texture": "#all"},
				"south": {"uv": [15.5, 4.5, 15.625, 4.625], "texture": "#all"},
				"down": {"uv": [15.5, 4.5, 15.875, 4.625], "rotation": 90, "texture": "#all"}
			}
		},
		{
			"name": "Wax up",
			"from": [6.9, 10.9, 6.9],
			"to": [9.1, 14.1, 9.1],
			"rotation": {"angle": 0, "axis": "y", "origin": [0, 1.5, 0]},
			"faces": {
				"north": {"uv": [7, 0, 9, 3], "texture": "#candle"},
				"east": {"uv": [9.5, 0, 11.5, 3], "texture": "#candle"},
				"south": {"uv": [7, 0, 9, 3], "texture": "#candle"},
				"west": {"uv": [9.5, 0, 11.5, 3], "texture": "#candle"},
				"up": {"uv": [4.5, 0, 6.5, 2], "texture": "#candle"}
			}
		},
		{
			"name": "Base",
			"from": [7, 8, 7],
			"to": [9, 14, 9],
			"rotation": {"angle": 0, "axis": "y", "origin": [0, 1.5, 0]},
			"faces": {
				"north": {"uv": [0, 0, 2, 6], "texture": "#candle"},
				"east": {"uv": [0, 0, 2, 6], "texture": "#candle"},
				"south": {"uv": [0, 0, 2, 6], "texture": "#candle"},
				"west": {"uv": [2, 0, 4, 6], "texture": "#candle"},
				"up": {"uv": [4.5, 0, 6.5, 2], "texture": "#candle"}
			}
		},
		{
			"name": "Wick",
			"from": [7.75, 14, 7.75],
			"to": [8.25, 15, 8.25],
			"rotation": {"angle": 0, "axis": "y", "origin": [0, 1.5, 0]},
			"faces": {
				"north": {"uv": [4.5, 5, 5, 6], "texture": "#candle"},
				"east": {"uv": [4.5, 5, 5, 6], "texture": "#candle"},
				"south": {"uv": [4.5, 5, 5, 6], "texture": "#candle"},
				"west": {"uv": [4.5, 5, 5, 6], "texture": "#candle"},
				"up": {"uv": [4.5, 5, 5, 5.5], "texture": "#candle"}
			}
		}
	],
	"display": {
		"thirdperson_righthand": {
			"translation": [0, 3, 1],
			"scale": [0.55, 0.55, 0.55]
		},
		"thirdperson_lefthand": {
			"translation": [0, 3, 1],
			"scale": [0.55, 0.55, 0.55]
		},
		"firstperson_righthand": {
			"rotation": [0, -90, 25],
			"translation": [1.13, 3.95, 1.13],
			"scale": [0.68, 0.68, 0.68]
		},
		"firstperson_lefthand": {
			"rotation": [0, -90, 25],
			"translation": [1.13, 3.95, 1.13],
			"scale": [0.68, 0.68, 0.68]
		},
		"ground": {
			"rotation": [0, 0, 90],
			"translation": [-2, 1, 0],
			"scale": [0.5, 0.5, 0.5]
		},
		"gui": {
			"rotation": [30, 45, 0],
			"translation": [0, 4.25, 0],
			"scale": [1.5, 1.5, 1.5]
		},
		"head": {
			"rotation": [0, 180, 0],
			"translation": [0, 13, 7]
		},
		"fixed": {
			"rotation": [0, 180, 0],
			"translation": [0, 4, 0]
		}
	},
	"groups": [
		{
			"name": "cake",
			"origin": [8, 8, 8],
			"color": 0,
			"nbt": "{}",
			"children": [
				0,
				{
					"name": "cream south",
					"origin": [8, 8, 8],
					"color": 0,
					"nbt": "{}",
					"children": [1, 2, 3, 4, 5, 6, 7, 8, 9, 10, 11, 12, 13, 14, 15, 16]
				},
				{
					"name": "cream north",
					"origin": [8, 8, 8],
					"color": 0,
					"nbt": "{}",
					"children": [17, 18, 19, 20, 21, 22, 23, 24, 25, 26, 27, 28, 29, 30, 31, 32]
				},
				{
					"name": "cream west",
					"origin": [8, 8, 8],
					"color": 0,
					"nbt": "{}",
					"children": [33, 34, 35, 36, 37, 38, 39, 40, 41, 42, 43, 44, 45, 46, 47]
				},
				{
					"name": "cream east",
					"origin": [8, 8, 8],
					"color": 0,
					"nbt": "{}",
					"children": [48, 49, 50, 51, 52, 53, 54, 55, 56, 57, 58, 59, 60, 61, 62]
				}
			]
		},
		{
			"name": "candle",
			"origin": [8, 8, 8],
			"color": 0,
			"nbt": "{}",
			"children": [63, 64, 65]
		}
	]
}